{"cameraMode":{"drawMode":0,"name":"Shaded","section":"Shading Mode"},"sceneLighting":true,"audioPlay":false,"sceneViewState":{"showFog":true,"showMaterialUpdate":true,"showSkybox":true,"showFlares":true,"showImageEffects":true,"showParticleSystems":true},"in2DMode":false,"pivot":{"x":779.204345703125,"y":299.3953857421875,"z":-702.4765625},"rotation":{"x":-0.18851201236248017,"y":0.31149762868881228,"z":0.06309259682893753,"w":0.9293332099914551},"size":238.0811309814453,"orthographic":false}