{"cameraMode":{"drawMode":0,"name":"Shaded","section":"Shading Mode"},"sceneLighting":false,"audioPlay":false,"sceneViewState":{"showFog":true,"showMaterialUpdate":true,"showSkybox":false,"showFlares":true,"showImageEffects":true,"showParticleSystems":true},"in2DMode":false,"pivot":{"x":-7.523229598999023,"y":0.3836255371570587,"z":1.4691342115402222},"rotation":{"x":-0.3951421082019806,"y":-0.2324208766222,"z":0.10438896715641022,"w":-0.8828984498977661},"size":2.6547436714172365,"orthographic":false}