{"cameraMode":{"drawMode":0,"name":"Shaded","section":"Shading Mode"},"sceneLighting":true,"audioPlay":false,"sceneViewState":{"showFog":true,"showMaterialUpdate":true,"showSkybox":true,"showFlares":true,"showImageEffects":true,"showParticleSystems":true},"in2DMode":false,"pivot":{"x":-5.2040114402771,"y":2.0403738021850588,"z":-7.116450309753418},"rotation":{"x":-0.3868018686771393,"y":-0.15172134339809419,"z":0.06520053744316101,"w":-0.9077247381210327},"size":5.396092414855957,"orthographic":false}