{"cameraMode":{"drawMode":0,"name":"Shaded","section":"Shading Mode"},"sceneLighting":false,"audioPlay":false,"sceneViewState":{"showFog":true,"showMaterialUpdate":true,"showSkybox":false,"showFlares":true,"showImageEffects":true,"showParticleSystems":true},"in2DMode":false,"pivot":{"x":-8.838512420654297,"y":0.503402590751648,"z":0.0032143890857696535},"rotation":{"x":0.04225585609674454,"y":0.17031031847000123,"z":-0.007457129191607237,"w":0.9848452210426331},"size":4.999998092651367,"orthographic":false}