{"cameraMode":{"drawMode":0,"name":"Shaded","section":"Shading Mode"},"sceneLighting":true,"audioPlay":false,"sceneViewState":{"showFog":true,"showMaterialUpdate":true,"showSkybox":true,"showFlares":true,"showImageEffects":true,"showParticleSystems":true},"in2DMode":false,"pivot":{"x":-1.248329520225525,"y":22.389301300048829,"z":-3.6466305255889894},"rotation":{"x":0.6480752825737,"y":-0.0022890488617122175,"z":0.0019365147454664112,"w":0.7616568207740784},"size":5.472431182861328,"orthographic":false}