{"cameraMode":{"drawMode":0,"name":"Shaded","section":"Shading Mode"},"sceneLighting":true,"audioPlay":false,"sceneViewState":{"showFog":true,"showMaterialUpdate":true,"showSkybox":true,"showFlares":true,"showImageEffects":true,"showParticleSystems":true},"in2DMode":false,"pivot":{"x":714.6693115234375,"y":342.87646484375,"z":-665.3988647460938},"rotation":{"x":0.18346156179904939,"y":0.0763942152261734,"z":0.015107289887964726,"w":-0.9801254868507385},"size":236.18753051757813,"orthographic":false}