{"cameraMode":{"drawMode":0,"name":"Shaded","section":"Shading Mode"},"sceneLighting":false,"audioPlay":false,"sceneViewState":{"showFog":true,"showMaterialUpdate":true,"showSkybox":false,"showFlares":true,"showImageEffects":true,"showParticleSystems":true},"in2DMode":false,"pivot":{"x":-4.732716083526611,"y":-3.4435622692108156,"z":-0.34358081221580508},"rotation":{"x":-0.11209642887115479,"y":-0.8539004921913147,"z":0.20740573108196259,"w":-0.4648134112358093},"size":6.734299182891846,"orthographic":false}