{"cameraMode":{"drawMode":0,"name":"Shaded","section":"Shading Mode"},"sceneLighting":true,"audioPlay":false,"sceneViewState":{"showFog":true,"showMaterialUpdate":true,"showSkybox":true,"showFlares":true,"showImageEffects":true,"showParticleSystems":true},"in2DMode":false,"pivot":{"x":936.400634765625,"y":578.66796875,"z":13.97276496887207},"rotation":{"x":0.18388299643993379,"y":0.10446546226739884,"z":-0.019661737605929376,"w":0.9771921634674072},"size":1349.4166259765625,"orthographic":false}