{"cameraMode":{"drawMode":0,"name":"Shaded","section":"Shading Mode"},"sceneLighting":true,"audioPlay":false,"sceneViewState":{"showFog":true,"showMaterialUpdate":true,"showSkybox":true,"showFlares":true,"showImageEffects":true,"showParticleSystems":true},"in2DMode":false,"pivot":{"x":-7.821210861206055,"y":3.8456830978393556,"z":-10.816696166992188},"rotation":{"x":0.26141801476478579,"y":0.16407102346420289,"z":-0.04514749348163605,"w":0.9501157402992249},"size":1.7285534143447877,"orthographic":false}