{"cameraMode":{"drawMode":0,"name":"Shaded","section":"Shading Mode"},"sceneLighting":true,"audioPlay":false,"sceneViewState":{"showFog":true,"showMaterialUpdate":true,"showSkybox":true,"showFlares":true,"showImageEffects":true,"showParticleSystems":true},"in2DMode":false,"pivot":{"x":772.04296875,"y":319.1541442871094,"z":-550.5651245117188},"rotation":{"x":0.030688008293509485,"y":0.11519137024879456,"z":-0.0035587020684033634,"w":0.9928743839263916},"size":240.9658966064453,"orthographic":false}