{"cameraMode":{"drawMode":0,"name":"Shaded","section":"Shading Mode"},"sceneLighting":true,"audioPlay":false,"sceneViewState":{"showFog":true,"showMaterialUpdate":true,"showSkybox":true,"showFlares":true,"showImageEffects":true,"showParticleSystems":true},"in2DMode":false,"pivot":{"x":713.6231079101563,"y":160.6302032470703,"z":-810.9507446289063},"rotation":{"x":0.11754250526428223,"y":0.7114565968513489,"z":-0.12517842650413514,"w":0.6819505095481873},"size":23.830541610717775,"orthographic":false}