{"cameraMode":{"drawMode":0,"name":"Shaded","section":"Shading Mode"},"sceneLighting":true,"audioPlay":false,"sceneViewState":{"showFog":true,"showMaterialUpdate":true,"showSkybox":true,"showFlares":true,"showImageEffects":true,"showParticleSystems":true},"in2DMode":false,"pivot":{"x":-13.743264198303223,"y":5.858395099639893,"z":-12.932989120483399},"rotation":{"x":-0.1531934142112732,"y":-0.4639231860637665,"z":0.08259695023298264,"w":-0.8688289523124695},"size":2.623537063598633,"orthographic":false}