{"cameraMode":{"drawMode":0,"name":"Shaded","section":"Shading Mode"},"sceneLighting":true,"audioPlay":false,"sceneViewState":{"showFog":true,"showMaterialUpdate":true,"showSkybox":true,"showFlares":true,"showImageEffects":true,"showParticleSystems":true},"in2DMode":false,"pivot":{"x":-7.292606353759766,"y":-14.350346565246582,"z":8.169506072998047},"rotation":{"x":-0.4248832166194916,"y":-0.03051622584462166,"z":0.014677044004201889,"w":-0.9051067233085632},"size":22.0,"orthographic":false}