{"cameraMode":{"drawMode":0,"name":"Shaded","section":"Shading Mode"},"sceneLighting":false,"audioPlay":false,"sceneViewState":{"showFog":true,"showMaterialUpdate":true,"showSkybox":false,"showFlares":true,"showImageEffects":true,"showParticleSystems":true},"in2DMode":false,"pivot":{"x":969.8005981445313,"y":545.7567138671875,"z":0.0},"rotation":{"x":0.0859978049993515,"y":-0.009261608123779297,"z":-0.0007635481306351721,"w":-0.9963110089302063},"size":13.369504928588868,"orthographic":false}