{"cameraMode":{"drawMode":0,"name":"Shaded","section":"Shading Mode"},"sceneLighting":true,"audioPlay":false,"sceneViewState":{"showFog":true,"showMaterialUpdate":true,"showSkybox":true,"showFlares":true,"showImageEffects":true,"showParticleSystems":true},"in2DMode":false,"pivot":{"x":802.6680297851563,"y":211.5363311767578,"z":-483.3671569824219},"rotation":{"x":-0.22556623816490174,"y":-0.5248528718948364,"z":0.14667640626430512,"w":-0.8076400756835938},"size":238.0811309814453,"orthographic":false}