{"cameraMode":{"drawMode":0,"name":"Shaded","section":"Shading Mode"},"sceneLighting":false,"audioPlay":false,"sceneViewState":{"showFog":true,"showMaterialUpdate":true,"showSkybox":false,"showFlares":true,"showImageEffects":true,"showParticleSystems":true},"in2DMode":false,"pivot":{"x":-8.359500885009766,"y":3.4188621044158937,"z":0.6091132164001465},"rotation":{"x":0.12884938716888429,"y":-0.8176844716072083,"z":0.19917398691177369,"w":0.525261640548706},"size":6.257697582244873,"orthographic":false}