{"cameraMode":{"drawMode":0,"name":"Shaded","section":"Shading Mode"},"sceneLighting":true,"audioPlay":false,"sceneViewState":{"showFog":true,"showMaterialUpdate":true,"showSkybox":true,"showFlares":true,"showImageEffects":true,"showParticleSystems":true},"in2DMode":false,"pivot":{"x":-4.142545223236084,"y":17.562036514282228,"z":-15.032754898071289},"rotation":{"x":0.33931103348731997,"y":0.04078501835465431,"z":-0.01509125530719757,"w":0.9397844672203064},"size":1.5279909372329713,"orthographic":false}