{"cameraMode":{"drawMode":0,"name":"Shaded","section":"Shading Mode"},"sceneLighting":true,"audioPlay":false,"sceneViewState":{"showFog":true,"showMaterialUpdate":true,"showSkybox":true,"showFlares":true,"showImageEffects":true,"showParticleSystems":true},"in2DMode":false,"pivot":{"x":696.7775268554688,"y":324.7201232910156,"z":-788.6531982421875},"rotation":{"x":-0.027742423117160798,"y":-0.08542019128799439,"z":0.0030222455970942976,"w":-0.9961370229721069},"size":57.26902770996094,"orthographic":false}