{"cameraMode":{"drawMode":0,"name":"Shaded","section":"Shading Mode"},"sceneLighting":true,"audioPlay":false,"sceneViewState":{"showFog":true,"showMaterialUpdate":true,"showSkybox":true,"showFlares":true,"showImageEffects":true,"showParticleSystems":true},"in2DMode":false,"pivot":{"x":-1.4511055946350098,"y":-8.929431915283204,"z":3.6308517456054689},"rotation":{"x":-0.38229912519454958,"y":-0.13853083550930024,"z":0.05842575430870056,"w":-0.9122165441513062},"size":22.0,"orthographic":false}