{"cameraMode":{"drawMode":0,"name":"Shaded","section":"Shading Mode"},"sceneLighting":false,"audioPlay":false,"sceneViewState":{"showFog":true,"showMaterialUpdate":true,"showSkybox":false,"showFlares":true,"showImageEffects":true,"showParticleSystems":true},"in2DMode":false,"pivot":{"x":-7.199999809265137,"y":0.2200000286102295,"z":1.9632500410079957},"rotation":{"x":-0.3086521625518799,"y":-0.3968540132045746,"z":0.14383646845817567,"w":-0.8526083827018738},"size":2.738351345062256,"orthographic":false}