{"cameraMode":{"drawMode":0,"name":"Shaded","section":"Shading Mode"},"sceneLighting":true,"audioPlay":false,"sceneViewState":{"showFog":true,"showMaterialUpdate":true,"showSkybox":true,"showFlares":true,"showImageEffects":true,"showParticleSystems":true},"in2DMode":false,"pivot":{"x":-10.07625675201416,"y":3.2149510383605959,"z":-11.121889114379883},"rotation":{"x":0.23242059350013734,"y":0.3877905607223511,"z":-0.10170552134513855,"w":0.886157214641571},"size":1.888632893562317,"orthographic":false}