{"cameraMode":{"drawMode":0,"name":"Shaded","section":"Shading Mode"},"sceneLighting":true,"audioPlay":false,"sceneViewState":{"showFog":true,"showMaterialUpdate":true,"showSkybox":true,"showFlares":true,"showImageEffects":true,"showParticleSystems":true},"in2DMode":false,"pivot":{"x":999.7205810546875,"y":542.3006591796875,"z":-942.7972412109375},"rotation":{"x":-0.002095316769555211,"y":-0.004297732841223478,"z":-0.0002835310879163444,"w":1.0003494024276734},"size":69.65851593017578,"orthographic":false}