{"cameraMode":{"drawMode":0,"name":"Shaded","section":"Shading Mode"},"sceneLighting":false,"audioPlay":false,"sceneViewState":{"showFog":true,"showMaterialUpdate":true,"showSkybox":false,"showFlares":true,"showImageEffects":true,"showParticleSystems":true},"in2DMode":false,"pivot":{"x":0.14999961853027345,"y":-0.5,"z":-0.11999988555908203},"rotation":{"x":-0.30256664752960207,"y":0.07648663967847824,"z":-0.02446240745484829,"w":-0.9498121738433838},"size":46.67634201049805,"orthographic":false}