{"cameraMode":{"drawMode":0,"name":"Shaded","section":"Shading Mode"},"sceneLighting":true,"audioPlay":false,"sceneViewState":{"showFog":true,"showMaterialUpdate":true,"showSkybox":true,"showFlares":true,"showImageEffects":true,"showParticleSystems":true},"in2DMode":false,"pivot":{"x":1045.0772705078125,"y":101.2055435180664,"z":-662.6834716796875},"rotation":{"x":-0.05086863785982132,"y":-0.5476891398429871,"z":0.03341669589281082,"w":-0.83451908826828},"size":456.7104187011719,"orthographic":false}