{"cameraMode":{"drawMode":0,"name":"Shaded","section":"Shading Mode"},"sceneLighting":true,"audioPlay":false,"sceneViewState":{"showFog":true,"showMaterialUpdate":true,"showSkybox":true,"showFlares":true,"showImageEffects":true,"showParticleSystems":true},"in2DMode":false,"pivot":{"x":776.32958984375,"y":316.9226379394531,"z":-455.40374755859377},"rotation":{"x":-0.018808329477906228,"y":-0.09136904031038284,"z":0.0018568598898127676,"w":-0.9957554936408997},"size":348.4681701660156,"orthographic":false}