{"cameraMode":{"drawMode":0,"name":"Shaded","section":"Shading Mode"},"sceneLighting":true,"audioPlay":false,"sceneViewState":{"showFog":true,"showMaterialUpdate":true,"showSkybox":true,"showFlares":true,"showImageEffects":true,"showParticleSystems":true},"in2DMode":false,"pivot":{"x":-3.079500198364258,"y":0.6295000314712524,"z":-4.0794997215271},"rotation":{"x":0.18388299643993379,"y":0.10446546226739884,"z":-0.019661737605929376,"w":0.9771921634674072},"size":18.510915756225587,"orthographic":false}