{"cameraMode":{"drawMode":0,"name":"Shaded","section":"Shading Mode"},"sceneLighting":true,"audioPlay":false,"sceneViewState":{"showFog":true,"showMaterialUpdate":true,"showSkybox":true,"showFlares":true,"showImageEffects":true,"showParticleSystems":true},"in2DMode":false,"pivot":{"x":994.4164428710938,"y":588.585693359375,"z":-1248.7928466796875},"rotation":{"x":-0.011404165998101235,"y":-0.001054139924235642,"z":0.00014309992548078299,"w":-1.0002176761627198},"size":15.012840270996094,"orthographic":false}