{"cameraMode":{"drawMode":0,"name":"Shaded","section":"Shading Mode"},"sceneLighting":true,"audioPlay":false,"sceneViewState":{"showFog":true,"showMaterialUpdate":true,"showSkybox":true,"showFlares":true,"showImageEffects":true,"showParticleSystems":true},"in2DMode":false,"pivot":{"x":38.83992385864258,"y":53.89480972290039,"z":-54.54761505126953},"rotation":{"x":-0.32886412739753725,"y":0.33247557282447817,"z":-0.12480184435844422,"w":-0.8751838207244873},"size":26.65654945373535,"orthographic":false}