{"cameraMode":{"drawMode":0,"name":"Shaded","section":"Shading Mode"},"sceneLighting":false,"audioPlay":false,"sceneViewState":{"showFog":true,"showMaterialUpdate":true,"showSkybox":false,"showFlares":true,"showImageEffects":true,"showParticleSystems":true},"in2DMode":false,"pivot":{"x":8.623762130737305,"y":0.655142068862915,"z":-1.4904630184173585},"rotation":{"x":0.04225585609674454,"y":0.17031031847000123,"z":-0.007457129191607237,"w":0.9848452210426331},"size":5.918038368225098,"orthographic":false}