{"cameraMode":{"drawMode":0,"name":"Shaded","section":"Shading Mode"},"sceneLighting":false,"audioPlay":false,"sceneViewState":{"showFog":true,"showMaterialUpdate":true,"showSkybox":false,"showFlares":true,"showImageEffects":true,"showParticleSystems":true},"in2DMode":false,"pivot":{"x":1.8846510648727418,"y":2.8233470916748049,"z":0.38187023997306826},"rotation":{"x":-0.13284078240394593,"y":-0.8490511178970337,"z":0.4432857632637024,"w":-0.2564014196395874},"size":6.190759181976318,"orthographic":false}