{"cameraMode":{"drawMode":0,"name":"Shaded","section":"Shading Mode"},"sceneLighting":false,"audioPlay":false,"sceneViewState":{"showFog":true,"showMaterialUpdate":true,"showSkybox":false,"showFlares":true,"showImageEffects":true,"showParticleSystems":true},"in2DMode":false,"pivot":{"x":-3.086819887161255,"y":0.6333217620849609,"z":-3.088834762573242},"rotation":{"x":-0.2608242332935333,"y":-0.16633129119873048,"z":0.045861419290304187,"w":-0.9502968788146973},"size":2.8578836917877199,"orthographic":false}