{"cameraMode":{"drawMode":0,"name":"Shaded","section":"Shading Mode"},"sceneLighting":false,"audioPlay":false,"sceneViewState":{"showFog":true,"showMaterialUpdate":true,"showSkybox":false,"showFlares":true,"showImageEffects":true,"showParticleSystems":true},"in2DMode":false,"pivot":{"x":0.27891552448272707,"y":0.6098725199699402,"z":-7.7619547843933109},"rotation":{"x":0.039950739592313769,"y":-0.9470090270042419,"z":0.12947851419448853,"w":0.29171597957611086},"size":2.8578836917877199,"orthographic":false}