{"cameraMode":{"drawMode":0,"name":"Shaded","section":"Shading Mode"},"sceneLighting":true,"audioPlay":false,"sceneViewState":{"showFog":true,"showMaterialUpdate":true,"showSkybox":true,"showFlares":true,"showImageEffects":true,"showParticleSystems":true},"in2DMode":false,"pivot":{"x":936.5426635742188,"y":1371.254150390625,"z":-235.61465454101563},"rotation":{"x":0.006903218571096659,"y":0.013732298277318478,"z":-0.0003047896025236696,"w":1.000250220298767},"size":251.1339569091797,"orthographic":false}