{"cameraMode":{"drawMode":0,"name":"Shaded","section":"Shading Mode"},"sceneLighting":true,"audioPlay":false,"sceneViewState":{"showFog":true,"showMaterialUpdate":true,"showSkybox":true,"showFlares":true,"showImageEffects":true,"showParticleSystems":true},"in2DMode":false,"pivot":{"x":1006.94287109375,"y":1545.678466796875,"z":-946.816650390625},"rotation":{"x":-0.006592900492250919,"y":-0.016330048441886903,"z":-0.0004137399373576045,"w":1.0001862049102784},"size":7.677626132965088,"orthographic":false}