{"cameraMode":{"drawMode":0,"name":"Shaded","section":"Shading Mode"},"sceneLighting":true,"audioPlay":false,"sceneViewState":{"showFog":true,"showMaterialUpdate":true,"showSkybox":true,"showFlares":true,"showImageEffects":true,"showParticleSystems":true},"in2DMode":false,"pivot":{"x":23.676780700683595,"y":-7.672542572021484,"z":-4.220695495605469},"rotation":{"x":-0.1804255098104477,"y":-0.6736318469047546,"z":0.17635028064250947,"w":-0.6949413418769836},"size":19.153600692749025,"orthographic":false}