{"cameraMode":{"drawMode":0,"name":"Shaded","section":"Shading Mode"},"sceneLighting":true,"audioPlay":false,"sceneViewState":{"showFog":true,"showMaterialUpdate":true,"showSkybox":true,"showFlares":true,"showImageEffects":true,"showParticleSystems":true},"in2DMode":false,"pivot":{"x":1196.2618408203125,"y":-286.63299560546877,"z":2123.23779296875},"rotation":{"x":-0.108391672372818,"y":-0.06853409111499787,"z":0.008249056525528431,"w":-0.9918937683105469},"size":3611.27978515625,"orthographic":false}