{"cameraMode":{"drawMode":0,"name":"Shaded","section":"Shading Mode"},"sceneLighting":true,"audioPlay":false,"sceneViewState":{"showFog":true,"showMaterialUpdate":true,"showSkybox":true,"showFlares":true,"showImageEffects":true,"showParticleSystems":true},"in2DMode":false,"pivot":{"x":987.4063720703125,"y":341.58697509765627,"z":-684.945556640625},"rotation":{"x":0.01494485791772604,"y":-0.29552364349365237,"z":-0.004485243931412697,"w":-0.9553266167640686},"size":348.4681701660156,"orthographic":false}