{"cameraMode":{"drawMode":0,"name":"Shaded","section":"Shading Mode"},"sceneLighting":false,"audioPlay":false,"sceneViewState":{"showFog":true,"showMaterialUpdate":true,"showSkybox":false,"showFlares":true,"showImageEffects":true,"showParticleSystems":true},"in2DMode":false,"pivot":{"x":0.3012608289718628,"y":-0.8377511501312256,"z":0.06388333439826966},"rotation":{"x":0.4674849510192871,"y":0.351495623588562,"z":-0.2101178616285324,"w":0.7839164733886719},"size":5.396092414855957,"orthographic":false}