{"cameraMode":{"drawMode":0,"name":"Shaded","section":"Shading Mode"},"sceneLighting":true,"audioPlay":false,"sceneViewState":{"showFog":true,"showMaterialUpdate":true,"showSkybox":true,"showFlares":true,"showImageEffects":true,"showParticleSystems":true},"in2DMode":false,"pivot":{"x":471.4300231933594,"y":498.3363342285156,"z":-678.0790405273438},"rotation":{"x":-0.1724308580160141,"y":0.6278337836265564,"z":-0.14525359869003297,"w":-0.7450648546218872},"size":206.7748565673828,"orthographic":false}