{"cameraMode":{"drawMode":0,"name":"Shaded","section":"Shading Mode"},"sceneLighting":false,"audioPlay":false,"sceneViewState":{"showFog":true,"showMaterialUpdate":true,"showSkybox":false,"showFlares":true,"showImageEffects":true,"showParticleSystems":true},"in2DMode":false,"pivot":{"x":972.6862182617188,"y":541.2810668945313,"z":16.76072883605957},"rotation":{"x":0.0859978049993515,"y":-0.009261608123779297,"z":-0.0007635481306351721,"w":-0.9963110089302063},"size":43.14749526977539,"orthographic":false}