{"cameraMode":{"drawMode":0,"name":"Shaded","section":"Shading Mode"},"sceneLighting":false,"audioPlay":false,"sceneViewState":{"showFog":true,"showMaterialUpdate":true,"showSkybox":false,"showFlares":true,"showImageEffects":true,"showParticleSystems":true},"in2DMode":false,"pivot":{"x":-0.37656763195991518,"y":0.6031820178031921,"z":0.518106997013092},"rotation":{"x":-0.01977723464369774,"y":-0.9536172151565552,"z":0.06763392686843872,"w":-0.2934843599796295},"size":3.635362386703491,"orthographic":false}