{"cameraMode":{"drawMode":0,"name":"Shaded","section":"Shading Mode"},"sceneLighting":true,"audioPlay":false,"sceneViewState":{"showFog":true,"showMaterialUpdate":true,"showSkybox":true,"showFlares":true,"showImageEffects":true,"showParticleSystems":true},"in2DMode":false,"pivot":{"x":670.8507690429688,"y":211.8184356689453,"z":-826.0347290039063},"rotation":{"x":0.12520715594291688,"y":-0.3480161726474762,"z":-0.046916600316762927,"w":-0.9279676675796509},"size":110.3445816040039,"orthographic":false}