{"cameraMode":{"drawMode":0,"name":"Shaded","section":"Shading Mode"},"sceneLighting":true,"audioPlay":false,"sceneViewState":{"showFog":true,"showMaterialUpdate":true,"showSkybox":true,"showFlares":true,"showImageEffects":true,"showParticleSystems":true},"in2DMode":false,"pivot":{"x":3.622328758239746,"y":-8.146965980529786,"z":-5.955132961273193},"rotation":{"x":-0.30424535274505618,"y":-0.6575245261192322,"z":0.3331751227378845,"w":-0.6037110686302185},"size":19.153600692749025,"orthographic":false}