{"cameraMode":{"drawMode":0,"name":"Shaded","section":"Shading Mode"},"sceneLighting":false,"audioPlay":false,"sceneViewState":{"showFog":true,"showMaterialUpdate":true,"showSkybox":false,"showFlares":true,"showImageEffects":true,"showParticleSystems":true},"in2DMode":false,"pivot":{"x":2.0,"y":-3.5323352813720705,"z":6.6399993896484379},"rotation":{"x":0.40225327014923098,"y":0.06012628972530365,"z":-0.026378225535154344,"w":0.9132248759269714},"size":15.03221607208252,"orthographic":false}