{"cameraMode":{"drawMode":0,"name":"Shaded","section":"Shading Mode"},"sceneLighting":true,"audioPlay":false,"sceneViewState":{"showFog":true,"showMaterialUpdate":true,"showSkybox":true,"showFlares":true,"showImageEffects":true,"showParticleSystems":true},"in2DMode":false,"pivot":{"x":753.60400390625,"y":305.8186340332031,"z":-616.217041015625},"rotation":{"x":-0.006843807175755501,"y":-0.11375360190868378,"z":0.000874930527061224,"w":-0.9935923218727112},"size":238.0811309814453,"orthographic":false}