{"cameraMode":{"drawMode":0,"name":"Shaded","section":"Shading Mode"},"sceneLighting":true,"audioPlay":false,"sceneViewState":{"showFog":true,"showMaterialUpdate":true,"showSkybox":true,"showFlares":true,"showImageEffects":true,"showParticleSystems":true},"in2DMode":false,"pivot":{"x":724.3253173828125,"y":352.5514831542969,"z":-752.0758666992188},"rotation":{"x":-0.050295863300561908,"y":-0.05538930371403694,"z":0.0029559284448623659,"w":-0.9973010420799255},"size":31.127155303955079,"orthographic":false}