{"cameraMode":{"drawMode":0,"name":"Shaded","section":"Shading Mode"},"sceneLighting":false,"audioPlay":false,"sceneViewState":{"showFog":true,"showMaterialUpdate":true,"showSkybox":false,"showFlares":true,"showImageEffects":true,"showParticleSystems":true},"in2DMode":false,"pivot":{"x":8.833887100219727,"y":1.3002961874008179,"z":-5.153575897216797},"rotation":{"x":0.006824479904025793,"y":-0.9804199934005737,"z":0.1945580393075943,"w":0.03414687141776085},"size":2.8578836917877199,"orthographic":false}