{"cameraMode":{"drawMode":0,"name":"Shaded","section":"Shading Mode"},"sceneLighting":true,"audioPlay":false,"sceneViewState":{"showFog":true,"showMaterialUpdate":true,"showSkybox":true,"showFlares":true,"showImageEffects":true,"showParticleSystems":true},"in2DMode":false,"pivot":{"x":1071.7166748046875,"y":116.48055267333985,"z":-943.4700927734375},"rotation":{"x":0.05669026076793671,"y":0.881232500076294,"z":-0.10982542484998703,"w":0.4564551115036011},"size":238.0811309814453,"orthographic":false}