{"cameraMode":{"drawMode":0,"name":"Shaded","section":"Shading Mode"},"sceneLighting":true,"audioPlay":false,"sceneViewState":{"showFog":true,"showMaterialUpdate":true,"showSkybox":true,"showFlares":true,"showImageEffects":true,"showParticleSystems":true},"in2DMode":false,"pivot":{"x":1288.7738037109375,"y":558.8160400390625,"z":-391.87457275390627},"rotation":{"x":-0.01585860550403595,"y":0.06789457052946091,"z":-0.0012312870239838958,"w":-0.9978559017181397},"size":44.359130859375,"orthographic":false}