{"cameraMode":{"drawMode":0,"name":"Shaded","section":"Shading Mode"},"sceneLighting":true,"audioPlay":false,"sceneViewState":{"showFog":true,"showMaterialUpdate":true,"showSkybox":true,"showFlares":true,"showImageEffects":true,"showParticleSystems":true},"in2DMode":false,"pivot":{"x":1015.2439575195313,"y":631.2412719726563,"z":-972.6739501953125},"rotation":{"x":-0.023403607308864595,"y":0.01093384064733982,"z":-0.00039095166721381247,"w":-0.9999580979347229},"size":117.29666900634766,"orthographic":false}